dataset,variable,condition_key,condition_value,n,mean,std,min,p05,p25,p50,p75,p95,max,missing_rate,unit,layer,license
KNHANES,HE_mPLS,age_band|gender,10s|F,179,104.96,14.08,45.0,66.1,103.0,106.0,112.0,122.0,129.0,,bpm,SURVEY,KNHANES(공식공개)
KNHANES,HE_mPLS,age_band|gender,10s|M,177,94.08,23.87,42.0,52.0,75.0,104.0,109.0,119.2,132.0,,bpm,SURVEY,KNHANES(공식공개)
KNHANES,HE_mPLS,age_band|gender,20s|F,63,68.79,22.84,46.0,51.0,55.0,57.0,77.0,115.6,126.0,,bpm,SURVEY,KNHANES(공식공개)
KNHANES,HE_mPLS,age_band|gender,20s|M,99,59.61,16.16,42.0,49.9,52.0,56.0,57.0,107.1,120.0,,bpm,SURVEY,KNHANES(공식공개)
KNHANES,HE_mPLS,age_band|gender,30s|F,68,60.1,16.11,44.0,50.0,53.0,56.0,57.0,106.0,115.0,,bpm,SURVEY,KNHANES(공식공개)
KNHANES,HE_mPLS,age_band|gender,30s|M,117,57.21,11.82,43.0,48.0,52.0,55.0,57.0,89.0,114.0,,bpm,SURVEY,KNHANES(공식공개)
KNHANES,HE_mPLS,age_band|gender,40s|F,126,63.67,19.19,41.0,50.0,54.0,56.0,59.0,104.0,138.0,,bpm,SURVEY,KNHANES(공식공개)
KNHANES,HE_mPLS,age_band|gender,40s|M,155,57.43,12.18,45.0,48.0,52.0,55.0,57.0,72.0,116.0,,bpm,SURVEY,KNHANES(공식공개)
KNHANES,HE_mPLS,age_band|gender,50s|F,247,57.17,11.23,39.0,47.0,53.0,56.0,57.0,77.7,115.0,,bpm,SURVEY,KNHANES(공식공개)
KNHANES,HE_mPLS,age_band|gender,50s|M,268,57.06,11.28,41.0,46.35,52.0,55.0,57.0,82.6,111.0,,bpm,SURVEY,KNHANES(공식공개)
KNHANES,HE_mPLS,age_band|gender,60s|F,376,58.41,12.7,40.0,48.0,53.0,56.0,58.0,95.0,121.0,,bpm,SURVEY,KNHANES(공식공개)
KNHANES,HE_mPLS,age_band|gender,60s|M,396,58.43,13.51,37.0,46.75,52.0,55.0,57.0,96.5,113.0,,bpm,SURVEY,KNHANES(공식공개)
KNHANES,HE_mPLS,age_band|gender,70s|F,295,60.74,14.67,32.0,47.0,54.0,56.0,58.0,102.0,119.0,,bpm,SURVEY,KNHANES(공식공개)
KNHANES,HE_mPLS,age_band|gender,70s|M,394,59.26,13.48,36.0,48.0,52.0,56.0,58.0,87.0,135.0,,bpm,SURVEY,KNHANES(공식공개)
KNHANES,HE_mPLS,age_band|gender,80s|F,124,69.59,18.87,41.0,48.0,56.0,64.5,80.25,105.85,116.0,,bpm,SURVEY,KNHANES(공식공개)
KNHANES,HE_mPLS,age_band|gender,80s|M,157,60.69,15.06,32.0,45.0,52.0,57.0,64.0,92.2,112.0,,bpm,SURVEY,KNHANES(공식공개)
KNHANES,HE_sbp,age_band|gender,10s|F,1883,104.3,8.94,73.0,91.0,98.0,104.0,110.0,119.5,155.0,,mmHg,SURVEY,KNHANES(공식공개)
KNHANES,HE_sbp,age_band|gender,10s|M,2050,109.18,10.37,80.0,93.0,102.0,108.75,116.0,127.0,146.0,,mmHg,SURVEY,KNHANES(공식공개)
KNHANES,HE_sbp,age_band|gender,20s|F,1643,105.76,9.26,81.0,93.0,99.0,105.0,111.0,122.0,166.0,,mmHg,SURVEY,KNHANES(공식공개)
KNHANES,HE_sbp,age_band|gender,20s|M,1487,117.25,10.73,88.0,100.65,110.0,116.5,124.0,135.0,170.0,,mmHg,SURVEY,KNHANES(공식공개)
KNHANES,HE_sbp,age_band|gender,30s|F,1858,106.94,11.1,82.0,91.5,99.5,105.5,113.0,125.5,197.0,,mmHg,SURVEY,KNHANES(공식공개)
KNHANES,HE_sbp,age_band|gender,30s|M,1478,118.41,11.43,91.5,102.0,110.5,117.5,125.0,137.0,177.0,,mmHg,SURVEY,KNHANES(공식공개)
KNHANES,HE_sbp,age_band|gender,40s|F,2618,111.33,13.47,83.5,94.0,102.0,109.5,118.0,135.5,199.5,,mmHg,SURVEY,KNHANES(공식공개)
KNHANES,HE_sbp,age_band|gender,40s|M,1994,120.04,12.89,81.0,101.5,111.5,118.5,127.0,143.0,181.5,,mmHg,SURVEY,KNHANES(공식공개)
KNHANES,HE_sbp,age_band|gender,50s|F,2999,117.1,15.55,82.0,95.5,106.0,115.0,126.0,144.5,189.0,,mmHg,SURVEY,KNHANES(공식공개)
KNHANES,HE_sbp,age_band|gender,50s|M,2184,122.14,14.6,85.5,101.0,112.5,121.0,130.0,145.42,237.5,,mmHg,SURVEY,KNHANES(공식공개)
KNHANES,HE_sbp,age_band|gender,60s|F,3358,123.81,16.03,84.0,100.0,112.5,122.5,133.5,152.0,198.5,,mmHg,SURVEY,KNHANES(공식공개)
KNHANES,HE_sbp,age_band|gender,60s|M,2552,125.26,15.37,71.5,102.5,115.0,124.0,134.0,151.22,209.0,,mmHg,SURVEY,KNHANES(공식공개)
KNHANES,HE_sbp,age_band|gender,70s|F,2343,129.37,16.39,75.0,104.55,118.5,128.0,139.0,158.0,202.0,,mmHg,SURVEY,KNHANES(공식공개)
KNHANES,HE_sbp,age_band|gender,70s|M,1912,127.61,16.62,76.5,103.28,116.0,126.0,137.0,156.0,233.5,,mmHg,SURVEY,KNHANES(공식공개)
KNHANES,HE_sbp,age_band|gender,80s|F,1043,133.8,17.81,88.0,107.05,122.0,131.5,143.0,167.5,206.0,,mmHg,SURVEY,KNHANES(공식공개)
KNHANES,HE_sbp,age_band|gender,80s|M,690,128.44,17.82,78.5,102.72,116.12,127.5,139.0,159.77,196.0,,mmHg,SURVEY,KNHANES(공식공개)
KNHANES,HE_dbp,age_band|gender,10s|F,1883,64.6,7.49,32.0,53.0,60.0,64.0,69.0,78.0,91.5,,mmHg,SURVEY,KNHANES(공식공개)
KNHANES,HE_dbp,age_band|gender,10s|M,2050,65.09,8.22,32.0,52.72,60.0,64.5,70.0,79.0,109.0,,mmHg,SURVEY,KNHANES(공식공개)
KNHANES,HE_dbp,age_band|gender,20s|F,1643,67.92,7.46,45.0,58.0,63.0,67.0,72.0,81.5,129.0,,mmHg,SURVEY,KNHANES(공식공개)
KNHANES,HE_dbp,age_band|gender,20s|M,1487,72.95,8.73,49.0,60.0,67.0,72.0,78.0,88.0,114.0,,mmHg,SURVEY,KNHANES(공식공개)
KNHANES,HE_dbp,age_band|gender,30s|F,1858,69.93,8.58,44.0,58.0,64.0,69.0,74.5,85.57,128.0,,mmHg,SURVEY,KNHANES(공식공개)
KNHANES,HE_dbp,age_band|gender,30s|M,1478,77.21,9.77,53.0,63.0,70.5,76.0,83.0,93.5,124.0,,mmHg,SURVEY,KNHANES(공식공개)
KNHANES,HE_dbp,age_band|gender,40s|F,2618,73.07,9.69,50.5,60.0,66.0,71.5,79.0,90.0,129.0,,mmHg,SURVEY,KNHANES(공식공개)
KNHANES,HE_dbp,age_band|gender,40s|M,1994,80.15,10.19,51.5,65.0,73.0,79.5,86.0,98.0,129.0,,mmHg,SURVEY,KNHANES(공식공개)
KNHANES,HE_dbp,age_band|gender,50s|F,2999,75.04,9.45,42.5,61.5,68.0,74.0,81.0,92.0,115.5,,mmHg,SURVEY,KNHANES(공식공개)
KNHANES,HE_dbp,age_band|gender,50s|M,2184,80.36,9.51,54.5,65.5,74.0,80.0,86.5,96.0,129.5,,mmHg,SURVEY,KNHANES(공식공개)
KNHANES,HE_dbp,age_band|gender,60s|F,3358,74.88,8.9,44.0,62.0,68.5,74.5,81.0,90.0,118.5,,mmHg,SURVEY,KNHANES(공식공개)
KNHANES,HE_dbp,age_band|gender,60s|M,2552,77.91,9.09,41.5,63.5,72.0,77.5,83.5,93.0,124.5,,mmHg,SURVEY,KNHANES(공식공개)
KNHANES,HE_dbp,age_band|gender,70s|F,2343,72.79,8.8,44.0,59.5,66.5,72.5,78.5,87.5,112.0,,mmHg,SURVEY,KNHANES(공식공개)
KNHANES,HE_dbp,age_band|gender,70s|M,1912,73.3,9.08,47.0,60.0,67.0,72.5,79.0,89.0,113.5,,mmHg,SURVEY,KNHANES(공식공개)
KNHANES,HE_dbp,age_band|gender,80s|F,1043,71.34,9.43,42.0,57.05,65.0,71.0,77.0,88.0,119.0,,mmHg,SURVEY,KNHANES(공식공개)
KNHANES,HE_dbp,age_band|gender,80s|M,690,69.87,9.35,40.0,55.5,63.5,69.5,76.0,86.0,103.5,,mmHg,SURVEY,KNHANES(공식공개)
KNHANES,HE_BMI,age_band|gender,10s|F,2582,18.62,3.73,11.56,14.08,15.83,17.86,20.66,25.58,44.15,,kg/m2,SURVEY,KNHANES(공식공개)
KNHANES,HE_BMI,age_band|gender,10s|M,2735,19.82,4.6,12.19,14.31,16.23,18.78,22.48,28.57,42.14,,kg/m2,SURVEY,KNHANES(공식공개)
KNHANES,HE_BMI,age_band|gender,20s|F,1662,22.2,4.3,14.14,17.25,19.24,21.28,24.03,30.79,46.59,,kg/m2,SURVEY,KNHANES(공식공개)
KNHANES,HE_BMI,age_band|gender,20s|M,1502,25.01,4.65,14.78,18.91,21.94,24.19,27.23,33.67,51.9,,kg/m2,SURVEY,KNHANES(공식공개)
KNHANES,HE_BMI,age_band|gender,30s|F,1869,23.02,4.28,14.14,17.88,20.06,22.09,25.02,31.45,47.96,,kg/m2,SURVEY,KNHANES(공식공개)
KNHANES,HE_BMI,age_band|gender,30s|M,1508,25.73,4.02,15.43,19.84,23.06,25.23,27.95,32.9,47.85,,kg/m2,SURVEY,KNHANES(공식공개)
KNHANES,HE_BMI,age_band|gender,40s|F,2654,23.24,3.91,15.33,18.36,20.45,22.47,25.15,31.0,44.85,,kg/m2,SURVEY,KNHANES(공식공개)
KNHANES,HE_BMI,age_band|gender,40s|M,2028,25.69,3.53,16.0,20.36,23.36,25.37,27.68,31.91,40.57,,kg/m2,SURVEY,KNHANES(공식공개)
KNHANES,HE_BMI,age_band|gender,50s|F,3021,23.76,3.63,15.02,18.84,21.19,23.22,25.83,30.44,48.68,,kg/m2,SURVEY,KNHANES(공식공개)
KNHANES,HE_BMI,age_band|gender,50s|M,2204,24.94,3.22,15.03,19.87,22.87,24.78,26.75,30.48,39.97,,kg/m2,SURVEY,KNHANES(공식공개)
KNHANES,HE_BMI,age_band|gender,60s|F,3367,24.26,3.46,14.16,19.3,21.91,23.91,26.28,30.5,39.5,,kg/m2,SURVEY,KNHANES(공식공개)
KNHANES,HE_BMI,age_band|gender,60s|M,2551,24.35,3.05,15.08,19.43,22.34,24.3,26.2,29.32,38.86,,kg/m2,SURVEY,KNHANES(공식공개)
KNHANES,HE_BMI,age_band|gender,70s|F,2283,24.46,3.28,12.46,19.54,22.19,24.33,26.56,29.93,40.36,,kg/m2,SURVEY,KNHANES(공식공개)
KNHANES,HE_BMI,age_band|gender,70s|M,1887,23.82,2.96,13.54,18.86,21.91,23.88,25.6,28.71,36.49,,kg/m2,SURVEY,KNHANES(공식공개)
KNHANES,HE_BMI,age_band|gender,80s|F,927,23.51,3.36,12.07,18.43,21.24,23.48,25.57,29.18,37.67,,kg/m2,SURVEY,KNHANES(공식공개)
KNHANES,HE_BMI,age_band|gender,80s|M,652,23.06,2.94,14.44,18.35,21.09,22.97,25.12,27.71,34.18,,kg/m2,SURVEY,KNHANES(공식공개)
KNHANES,HE_wc,age_band|gender,10s|F,1993,64.47,10.07,44.1,49.76,57.0,63.9,70.5,82.1,128.2,,cm,SURVEY,KNHANES(공식공개)
KNHANES,HE_wc,age_band|gender,10s|M,2141,70.57,13.48,42.2,51.5,60.2,69.4,78.7,95.7,120.4,,cm,SURVEY,KNHANES(공식공개)
KNHANES,HE_wc,age_band|gender,20s|F,1627,73.3,10.29,55.0,61.0,66.2,71.0,78.4,92.47,139.2,,cm,SURVEY,KNHANES(공식공개)
KNHANES,HE_wc,age_band|gender,20s|M,1479,85.66,12.07,57.7,69.39,77.4,83.8,91.7,108.3,147.5,,cm,SURVEY,KNHANES(공식공개)
KNHANES,HE_wc,age_band|gender,30s|F,1827,77.07,10.45,53.2,63.7,69.3,75.2,82.7,97.77,130.3,,cm,SURVEY,KNHANES(공식공개)
KNHANES,HE_wc,age_band|gender,30s|M,1489,89.3,10.38,59.4,73.68,82.5,88.3,95.3,107.0,137.7,,cm,SURVEY,KNHANES(공식공개)
KNHANES,HE_wc,age_band|gender,40s|F,2599,78.4,10.1,58.2,64.7,71.2,76.8,84.0,98.0,138.5,,cm,SURVEY,KNHANES(공식공개)
KNHANES,HE_wc,age_band|gender,40s|M,1990,90.04,9.47,58.9,75.4,83.7,89.5,95.7,106.4,131.0,,cm,SURVEY,KNHANES(공식공개)
KNHANES,HE_wc,age_band|gender,50s|F,2979,80.81,9.58,56.7,66.7,74.3,79.9,86.3,98.02,144.4,,cm,SURVEY,KNHANES(공식공개)
KNHANES,HE_wc,age_band|gender,50s|M,2167,88.95,8.78,56.6,74.9,83.4,88.9,94.2,103.4,142.6,,cm,SURVEY,KNHANES(공식공개)
KNHANES,HE_wc,age_band|gender,60s|F,3337,83.57,9.3,56.8,69.4,77.1,83.2,89.3,99.4,127.3,,cm,SURVEY,KNHANES(공식공개)
KNHANES,HE_wc,age_band|gender,60s|M,2540,88.59,8.87,61.5,73.6,83.0,88.5,94.2,103.4,132.7,,cm,SURVEY,KNHANES(공식공개)
KNHANES,HE_wc,age_band|gender,70s|F,2320,86.02,9.26,56.5,71.2,79.8,86.0,91.9,101.0,126.6,,cm,SURVEY,KNHANES(공식공개)
KNHANES,HE_wc,age_band|gender,70s|M,1889,88.86,8.91,54.3,73.7,83.2,89.0,94.5,103.2,117.7,,cm,SURVEY,KNHANES(공식공개)
KNHANES,HE_wc,age_band|gender,80s|F,1037,84.37,9.96,50.1,67.0,78.1,84.7,90.7,99.84,114.1,,cm,SURVEY,KNHANES(공식공개)
KNHANES,HE_wc,age_band|gender,80s|M,683,87.61,9.67,57.5,70.3,81.25,88.2,94.5,102.1,121.4,,cm,SURVEY,KNHANES(공식공개)
KNHANES,HE_ht,age_band|gender,10s|F,2306,143.58,19.82,100.0,106.4,128.0,149.9,160.4,167.48,179.8,,cm,SURVEY,KNHANES(공식공개)
KNHANES,HE_ht,age_band|gender,10s|M,2493,148.32,23.37,100.2,108.3,130.0,149.6,169.4,179.8,192.7,,cm,SURVEY,KNHANES(공식공개)
KNHANES,HE_ht,age_band|gender,20s|F,1666,162.02,5.55,139.1,153.2,158.3,161.95,165.7,170.9,180.8,,cm,SURVEY,KNHANES(공식공개)
KNHANES,HE_ht,age_band|gender,20s|M,1502,175.29,6.0,130.7,165.9,171.4,175.2,179.2,185.2,191.2,,cm,SURVEY,KNHANES(공식공개)
KNHANES,HE_ht,age_band|gender,30s|F,1877,162.0,5.27,141.5,153.5,158.4,162.0,165.6,170.5,178.9,,cm,SURVEY,KNHANES(공식공개)
KNHANES,HE_ht,age_band|gender,30s|M,1508,175.34,5.63,157.1,166.1,171.58,175.3,179.2,184.36,195.0,,cm,SURVEY,KNHANES(공식공개)
KNHANES,HE_ht,age_band|gender,40s|F,2655,160.77,5.52,129.9,151.9,157.0,160.7,164.4,169.9,178.9,,cm,SURVEY,KNHANES(공식공개)
KNHANES,HE_ht,age_band|gender,40s|M,2028,173.75,5.96,152.2,164.0,169.8,173.7,177.6,183.7,198.0,,cm,SURVEY,KNHANES(공식공개)
KNHANES,HE_ht,age_band|gender,50s|F,3021,158.21,5.18,128.4,149.6,154.9,158.2,161.6,166.8,176.4,,cm,SURVEY,KNHANES(공식공개)
KNHANES,HE_ht,age_band|gender,50s|M,2204,170.86,5.78,148.1,161.42,167.0,170.8,174.6,180.4,191.1,,cm,SURVEY,KNHANES(공식공개)
KNHANES,HE_ht,age_band|gender,60s|F,3367,155.45,5.38,125.3,146.5,151.8,155.6,159.1,164.0,173.8,,cm,SURVEY,KNHANES(공식공개)
KNHANES,HE_ht,age_band|gender,60s|M,2552,168.39,5.72,146.0,158.86,164.5,168.5,172.2,177.8,186.9,,cm,SURVEY,KNHANES(공식공개)
KNHANES,HE_ht,age_band|gender,70s|F,2283,152.92,5.29,138.0,143.91,149.3,152.8,156.5,161.7,175.0,,cm,SURVEY,KNHANES(공식공개)
KNHANES,HE_ht,age_band|gender,70s|M,1887,165.96,5.53,139.2,157.1,162.4,165.8,169.8,174.6,190.2,,cm,SURVEY,KNHANES(공식공개)
KNHANES,HE_ht,age_band|gender,80s|F,928,149.23,5.31,129.0,140.34,145.9,149.45,152.6,157.6,164.2,,cm,SURVEY,KNHANES(공식공개)
KNHANES,HE_ht,age_band|gender,80s|M,652,163.9,5.83,146.3,154.86,160.0,163.6,168.12,173.6,185.0,,cm,SURVEY,KNHANES(공식공개)
KNHANES,HE_wt,age_band|gender,10s|F,2059,43.6,14.93,20.0,21.84,31.0,44.2,53.6,67.31,118.3,,kg,SURVEY,KNHANES(공식공개)
KNHANES,HE_wt,age_band|gender,10s|M,2269,50.18,20.81,20.0,22.0,32.3,48.5,64.2,87.36,125.1,,kg,SURVEY,KNHANES(공식공개)
KNHANES,HE_wt,age_band|gender,20s|F,1667,58.45,12.4,30.7,44.0,50.25,56.1,63.7,82.31,164.8,,kg,SURVEY,KNHANES(공식공개)
KNHANES,HE_wt,age_band|gender,20s|M,1504,76.97,15.75,35.7,55.94,66.5,74.3,84.3,105.98,159.1,,kg,SURVEY,KNHANES(공식공개)
KNHANES,HE_wt,age_band|gender,30s|F,1879,60.46,11.53,34.5,46.09,52.2,58.0,66.55,83.11,124.0,,kg,SURVEY,KNHANES(공식공개)
KNHANES,HE_wt,age_band|gender,30s|M,1509,79.2,13.53,45.3,59.64,70.1,78.2,86.3,103.6,157.7,,kg,SURVEY,KNHANES(공식공개)
KNHANES,HE_wt,age_band|gender,40s|F,2659,60.16,10.84,37.1,46.59,52.5,58.3,65.5,81.6,127.8,,kg,SURVEY,KNHANES(공식공개)
KNHANES,HE_wt,age_band|gender,40s|M,2031,77.68,12.09,40.5,59.5,69.8,76.6,84.7,99.05,133.5,,kg,SURVEY,KNHANES(공식공개)
KNHANES,HE_wt,age_band|gender,50s|F,3027,59.49,9.54,34.6,46.6,52.9,58.2,64.6,76.8,131.9,,kg,SURVEY,KNHANES(공식공개)
KNHANES,HE_wt,age_band|gender,50s|M,2210,72.95,10.77,37.8,56.8,65.93,72.2,79.3,91.8,125.2,,kg,SURVEY,KNHANES(공식공개)
KNHANES,HE_wt,age_band|gender,60s|F,3383,58.7,8.96,33.1,45.9,52.6,57.8,63.8,74.39,114.8,,kg,SURVEY,KNHANES(공식공개)
KNHANES,HE_wt,age_band|gender,60s|M,2571,69.14,10.07,40.2,53.2,62.2,69.0,75.3,86.3,117.4,,kg,SURVEY,KNHANES(공식공개)
KNHANES,HE_wt,age_band|gender,70s|F,2360,57.32,8.57,30.6,44.6,51.4,56.6,62.3,72.0,102.8,,kg,SURVEY,KNHANES(공식공개)
KNHANES,HE_wt,age_band|gender,70s|M,1920,65.76,9.24,34.5,51.09,59.8,65.5,71.6,81.5,102.1,,kg,SURVEY,KNHANES(공식공개)
KNHANES,HE_wt,age_band|gender,80s|F,1062,52.74,8.91,25.0,38.41,46.6,52.5,58.68,67.58,95.4,,kg,SURVEY,KNHANES(공식공개)
KNHANES,HE_wt,age_band|gender,80s|M,695,62.24,9.26,35.0,47.57,55.8,61.8,68.25,78.43,103.6,,kg,SURVEY,KNHANES(공식공개)
KNHANES,HE_TG,age_band|gender,10s|F,1252,88.36,44.79,23.0,41.0,60.0,78.0,105.0,166.45,504.0,,mg/dL,SURVEY,KNHANES(공식공개)
KNHANES,HE_TG,age_band|gender,10s|M,1374,89.63,53.86,13.0,37.0,55.0,75.0,107.75,190.05,777.0,,mg/dL,SURVEY,KNHANES(공식공개)
KNHANES,HE_TG,age_band|gender,20s|F,1633,88.12,71.24,25.0,39.0,55.0,73.0,102.0,176.0,1537.0,,mg/dL,SURVEY,KNHANES(공식공개)
KNHANES,HE_TG,age_band|gender,20s|M,1480,119.14,98.27,24.0,44.0,68.75,96.0,140.0,251.1,1895.0,,mg/dL,SURVEY,KNHANES(공식공개)
KNHANES,HE_TG,age_band|gender,30s|F,1839,99.39,75.5,27.0,41.0,60.0,79.0,113.0,213.0,1324.0,,mg/dL,SURVEY,KNHANES(공식공개)
KNHANES,HE_TG,age_band|gender,30s|M,1489,161.68,133.1,31.0,52.0,86.0,126.0,193.0,369.6,1615.0,,mg/dL,SURVEY,KNHANES(공식공개)
KNHANES,HE_TG,age_band|gender,40s|F,2617,103.92,69.04,18.0,43.0,62.0,86.0,124.0,220.0,925.0,,mg/dL,SURVEY,KNHANES(공식공개)
KNHANES,HE_TG,age_band|gender,40s|M,2002,184.19,153.85,27.0,59.0,98.0,144.0,212.75,447.0,1638.0,,mg/dL,SURVEY,KNHANES(공식공개)
KNHANES,HE_TG,age_band|gender,50s|F,2966,117.69,81.29,24.0,48.0,72.0,99.0,141.0,241.0,1985.0,,mg/dL,SURVEY,KNHANES(공식공개)
KNHANES,HE_TG,age_band|gender,50s|M,2160,169.25,127.07,28.0,58.0,94.0,137.0,202.25,386.05,1912.0,,mg/dL,SURVEY,KNHANES(공식공개)
KNHANES,HE_TG,age_band|gender,60s|F,3286,118.75,66.75,25.0,50.0,76.0,104.0,145.0,232.75,1233.0,,mg/dL,SURVEY,KNHANES(공식공개)
KNHANES,HE_TG,age_band|gender,60s|M,2518,145.11,108.39,26.0,55.85,84.25,120.0,172.0,311.0,1816.0,,mg/dL,SURVEY,KNHANES(공식공개)
KNHANES,HE_TG,age_band|gender,70s|F,2272,119.08,57.78,22.0,53.55,80.0,107.0,144.0,225.45,678.0,,mg/dL,SURVEY,KNHANES(공식공개)
KNHANES,HE_TG,age_band|gender,70s|M,1866,123.1,70.24,27.0,52.0,77.0,107.0,145.0,246.75,692.0,,mg/dL,SURVEY,KNHANES(공식공개)
KNHANES,HE_TG,age_band|gender,80s|F,987,119.95,58.1,35.0,54.0,80.0,106.0,145.0,232.7,436.0,,mg/dL,SURVEY,KNHANES(공식공개)
KNHANES,HE_TG,age_band|gender,80s|M,648,112.64,64.18,28.0,50.0,74.0,98.0,131.0,216.65,603.0,,mg/dL,SURVEY,KNHANES(공식공개)
KNHANES,HE_HP,age_band|gender,10s|F,120,0.0083,,,,,,,,,,prevalence,SURVEY,KNHANES(공식공개)
KNHANES,HE_HP,age_band|gender,10s|M,97,0.0206,,,,,,,,,,prevalence,SURVEY,KNHANES(공식공개)
KNHANES,HE_HP,age_band|gender,20s|F,1643,0.0085,,,,,,,,,,prevalence,SURVEY,KNHANES(공식공개)
KNHANES,HE_HP,age_band|gender,20s|M,1487,0.0545,,,,,,,,,,prevalence,SURVEY,KNHANES(공식공개)
KNHANES,HE_HP,age_band|gender,30s|F,1857,0.0393,,,,,,,,,,prevalence,SURVEY,KNHANES(공식공개)
KNHANES,HE_HP,age_band|gender,30s|M,1477,0.1381,,,,,,,,,,prevalence,SURVEY,KNHANES(공식공개)
KNHANES,HE_HP,age_band|gender,40s|F,2618,0.1154,,,,,,,,,,prevalence,SURVEY,KNHANES(공식공개)
KNHANES,HE_HP,age_band|gender,40s|M,1993,0.2805,,,,,,,,,,prevalence,SURVEY,KNHANES(공식공개)
KNHANES,HE_HP,age_band|gender,50s|F,2998,0.2672,,,,,,,,,,prevalence,SURVEY,KNHANES(공식공개)
KNHANES,HE_HP,age_band|gender,50s|M,2183,0.4155,,,,,,,,,,prevalence,SURVEY,KNHANES(공식공개)
KNHANES,HE_HP,age_band|gender,60s|F,3358,0.4655,,,,,,,,,,prevalence,SURVEY,KNHANES(공식공개)
KNHANES,HE_HP,age_band|gender,60s|M,2552,0.5345,,,,,,,,,,prevalence,SURVEY,KNHANES(공식공개)
KNHANES,HE_HP,age_band|gender,70s|F,2340,0.6628,,,,,,,,,,prevalence,SURVEY,KNHANES(공식공개)
KNHANES,HE_HP,age_band|gender,70s|M,1911,0.6217,,,,,,,,,,prevalence,SURVEY,KNHANES(공식공개)
KNHANES,HE_HP,age_band|gender,80s|F,1042,0.7668,,,,,,,,,,prevalence,SURVEY,KNHANES(공식공개)
KNHANES,HE_HP,age_band|gender,80s|M,689,0.6052,,,,,,,,,,prevalence,SURVEY,KNHANES(공식공개)
KNHANES,HE_DM_HbA1c,age_band|gender,10s|F,119,0.0084,,,,,,,,,,prevalence,SURVEY,KNHANES(공식공개)
KNHANES,HE_DM_HbA1c,age_band|gender,10s|M,95,0.0,,,,,,,,,,prevalence,SURVEY,KNHANES(공식공개)
KNHANES,HE_DM_HbA1c,age_band|gender,20s|F,1597,0.0075,,,,,,,,,,prevalence,SURVEY,KNHANES(공식공개)
KNHANES,HE_DM_HbA1c,age_band|gender,20s|M,1437,0.0167,,,,,,,,,,prevalence,SURVEY,KNHANES(공식공개)
KNHANES,HE_DM_HbA1c,age_band|gender,30s|F,1755,0.0239,,,,,,,,,,prevalence,SURVEY,KNHANES(공식공개)
KNHANES,HE_DM_HbA1c,age_band|gender,30s|M,1446,0.047,,,,,,,,,,prevalence,SURVEY,KNHANES(공식공개)
KNHANES,HE_DM_HbA1c,age_band|gender,40s|F,2573,0.0466,,,,,,,,,,prevalence,SURVEY,KNHANES(공식공개)
KNHANES,HE_DM_HbA1c,age_band|gender,40s|M,1949,0.1237,,,,,,,,,,prevalence,SURVEY,KNHANES(공식공개)
KNHANES,HE_DM_HbA1c,age_band|gender,50s|F,2891,0.1231,,,,,,,,,,prevalence,SURVEY,KNHANES(공식공개)
KNHANES,HE_DM_HbA1c,age_band|gender,50s|M,2083,0.217,,,,,,,,,,prevalence,SURVEY,KNHANES(공식공개)
KNHANES,HE_DM_HbA1c,age_band|gender,60s|F,3197,0.2118,,,,,,,,,,prevalence,SURVEY,KNHANES(공식공개)
KNHANES,HE_DM_HbA1c,age_band|gender,60s|M,2450,0.3029,,,,,,,,,,prevalence,SURVEY,KNHANES(공식공개)
KNHANES,HE_DM_HbA1c,age_band|gender,70s|F,2188,0.2943,,,,,,,,,,prevalence,SURVEY,KNHANES(공식공개)
KNHANES,HE_DM_HbA1c,age_band|gender,70s|M,1804,0.3149,,,,,,,,,,prevalence,SURVEY,KNHANES(공식공개)
KNHANES,HE_DM_HbA1c,age_band|gender,80s|F,908,0.3018,,,,,,,,,,prevalence,SURVEY,KNHANES(공식공개)
KNHANES,HE_DM_HbA1c,age_band|gender,80s|M,594,0.2879,,,,,,,,,,prevalence,SURVEY,KNHANES(공식공개)
KNHANES,HE_HCHOL,age_band|gender,10s|F,119,0.0672,,,,,,,,,,prevalence,SURVEY,KNHANES(공식공개)
KNHANES,HE_HCHOL,age_band|gender,10s|M,95,0.0,,,,,,,,,,prevalence,SURVEY,KNHANES(공식공개)
KNHANES,HE_HCHOL,age_band|gender,20s|F,1608,0.0454,,,,,,,,,,prevalence,SURVEY,KNHANES(공식공개)
KNHANES,HE_HCHOL,age_band|gender,20s|M,1440,0.0514,,,,,,,,,,prevalence,SURVEY,KNHANES(공식공개)
KNHANES,HE_HCHOL,age_band|gender,30s|F,1804,0.0948,,,,,,,,,,prevalence,SURVEY,KNHANES(공식공개)
KNHANES,HE_HCHOL,age_band|gender,30s|M,1446,0.1542,,,,,,,,,,prevalence,SURVEY,KNHANES(공식공개)
KNHANES,HE_HCHOL,age_band|gender,40s|F,2580,0.1539,,,,,,,,,,prevalence,SURVEY,KNHANES(공식공개)
KNHANES,HE_HCHOL,age_band|gender,40s|M,1950,0.2677,,,,,,,,,,prevalence,SURVEY,KNHANES(공식공개)
KNHANES,HE_HCHOL,age_band|gender,50s|F,2894,0.3998,,,,,,,,,,prevalence,SURVEY,KNHANES(공식공개)
KNHANES,HE_HCHOL,age_band|gender,50s|M,2086,0.3255,,,,,,,,,,prevalence,SURVEY,KNHANES(공식공개)
KNHANES,HE_HCHOL,age_band|gender,60s|F,3201,0.5317,,,,,,,,,,prevalence,SURVEY,KNHANES(공식공개)
KNHANES,HE_HCHOL,age_band|gender,60s|M,2450,0.3596,,,,,,,,,,prevalence,SURVEY,KNHANES(공식공개)
KNHANES,HE_HCHOL,age_band|gender,70s|F,2195,0.5408,,,,,,,,,,prevalence,SURVEY,KNHANES(공식공개)
KNHANES,HE_HCHOL,age_band|gender,70s|M,1806,0.3328,,,,,,,,,,prevalence,SURVEY,KNHANES(공식공개)
KNHANES,HE_HCHOL,age_band|gender,80s|F,910,0.3714,,,,,,,,,,prevalence,SURVEY,KNHANES(공식공개)
KNHANES,HE_HCHOL,age_band|gender,80s|M,598,0.2308,,,,,,,,,,prevalence,SURVEY,KNHANES(공식공개)
